<?xml version="1.0" encoding="UTF-8"?>
<release xmlns:xsi="http://www.w3.org/2001/XMLSchema-instance"
         xsi:noNamespaceSchemaLocation='http://repository.inetpsa.com/maven-virtual/com/inetpsa/jip/xsd/release/release-1.1.xsd'>
    <goals>
        <goal>deploy</goal>
    </goals>
    <arguments>
        <!-- profiles to activate during a release -->
        <argument>-Dmaven.test.failure.ignore=false -Dmaven.test.skip=false -U -Pxdr,teamcity,docker-push</argument>
        <!-- <argument>-Pdocker</argument>-->
    </arguments>
</release>